{
  "project_info": {
    "project_number": "476284521175",
    "project_id": "inventoryapp-ac286",
    "storage_bucket": "inventoryapp-ac286.firebasestorage.app"
  },
  "client": [
    {
      "client_info": {
        "mobilesdk_app_id": "1:476284521175:android:3b78816f2962b66a41be92",
        "android_client_info": {
          "package_name": "com.example.inventoryapp"
        }
      },
      "oauth_client": [],
      "api_key": [
        {
          "current_key": "AIzaSyBQUfvXXS2kxZI4bfnlT8OIWPYc7CHtIrM"
        }
      ],
      "services": {
        "appinvite_service": {
          "other_platform_oauth_client": []
        }
      }
    }
  ],
  "configuration_version": "1"
}